M (kNm),EI
0.716145833,6.660582527
0.984700521,4.579150488
1.051839193,2.445682647
1.070638021,0.995757088
1.073323568,0.499127403
1.073994954,0.249719809
1.074182943,0.099905408
